0x07D1	FUN_0101b1aa	CMsgGuideInfo
0x07D3	FUN_00e24390	CMsgNewShopGoods
0x07D4	FUN_011e23fa	CMsgOperatingActInfo
0x07D5	FUN_010aced7	CMsgGlobalLottery
0x07D6	FUN_00ea716c	CMsgHandBrickInfo
0x07D7	FUN_010ad06c	CMsgInstanceInfo
0x07D8	FUN_00e699e2	CMsgUserInfo
0x07D9	FUN_011e1882	CMsgActivityTaskReward
0x07DA	FUN_00e2414d	CMsgGuide
0x07DB	FUN_0105c1f7	CMsgRouletteTable
0x07DC	FUN_00e68c02	CMsgAuctionDirList
0x07DD	FUN_00f32d20	CMsgSynCompete
0x07DE	FUN_0105b939	CMsgFactionMatchWitness
0x07DF	FUN_0101b69f	CMsgTaskDialog
0x07E1	FUN_0105b754	CMsgCrossFlagWarAltar
0x07E3	FUN_00e6989b	CMsgSynRecruitAdvertising
0x07E4	FUN_00f805f0	CMsgTick
0x07E5	FUN_00d840e3	CMsgSlotAction
0x07E6	FUN_00fbd8aa	CMsgInnerStrengthOpt
0x07E7	FUN_00f80108	CMsgProcessComplete
0x07E8	FUN_00fbe11e	CMsgUserMelter
0x07E9	FUN_00f32e9b	CMsgUserSendShow
0x07EA	FUN_00ef00cd	CMsgCOPLeaveWord
0x07EB	FUN_011e1cbb	CMsgExchangeShop
0x07EC	FUN_00ea6a64	CMsgAuction
0x07ED	FUN_0101b738	CMsgTrade
0x07EF	FUN_0105c17f	CMsgRoulettePlayer
0x07F0	FUN_00ddf1da	CMsgDataArray
0x07F1	FUN_00e24664	CMsgQualifyingDetailInfo
0x07F2	FUN_00e247f1	CMsgRemotePrize
0x07F4	FUN_00d83f99	CMsgPing
0x07F5	FUN_00e691da	CMsgMelterOpt
0x07F6	FUN_00ddfd90	CMsgSyndicate
0x07F7	FUN_0105be16	CMsgOwnKongRank
0x07F8	FUN_0101b5eb	CMsgShowHandCallAction
0x07FB	FUN_010f3d4e	CMsgBattlePassTaskList
0x07FC	FUN_00e698d7	CMsgTaskReward
0x07FD	FUN_011e2580	CMsgSlotResult
0x07FE	FUN_0101b7be	CMsgUserAttrib
0x07FF	FUN_00e69585	CMsgPokerFriendInvite
0x0800	FUN_0116925e	CMsgSynRecruitAdvertisingList
0x0801	FUN_00ea74fa	CMsgPokerFriendAction
0x0802	FUN_011a10c0	CMsgPresentList
0x0803	FUN_010f42f2	CMsgOSConnectInfo
0x0807	FUN_011a0f5b	CMsgNosuchAutoHisList
0x0808	FUN_00f80410	CMsgRedEnvelops
0x0809	FUN_00f7fdf6	CMsgMagicInfo
0x080A	FUN_011e25bc	CMsgSynForm
0x080C	FUN_00ef0998	CMsgPigeonQuery
0x080D	FUN_0101b403	CMsgNewSynWar
0x080E	FUN_010f4030	CMsgItemInfoEx
0x080F	FUN_00ef01f3	CMsgDetainItemInfo
0x0810	FUN_00ef003a	CMsgBattlePass
0x0811	FUN_00fbdca3	CMsgScreenChatSkinOpt
0x0812	FUN_00ef0d1f	CMsgVassalWarList
0x0813	FUN_00e24946	CMsgSynMemberInfo
0x0814	FUN_010ad316	CMsgMonsterTransform
0x0815	FUN_011e1b8c	CMsgCardsLotteryRankList
0x0817	FUN_010acbd2	CMsgDaoQi
0x0818	FUN_00f7fd7e	CMsgInviteTrans
0x0819	FUN_011e1c7f	CMsgDisconnect
0x081B	FUN_0101b05a	CMsgCrossFlagWar
0x081C	FUN_010f4115	CMsgLeagueRank
0x081D	FUN_0105bace	CMsgHairFaceStorage
0x081E	FUN_0101adde	CMsgBeastsInfo
0x081F	FUN_010f43db	CMsgRelationInfo
0x0820	FUN_011a1210	CMsgShowHandLayCard
0x0821	FUN_00e246a0	CMsgQualifyingFightersList
0x0822	FUN_00ddff4c	CMsgTexasPersonalInfo
0x0823	FUN_00ddf52e	CMsgLeagueInfo
0x0824	FUN_00e690cf	CMsgItemVendue
0x0825	FUN_00f8062c	CMsgTreasureOpt
0x0829	FUN_010f3ee2	CMsgExpPool
0x082A	FUN_010ad790	CMsgPresentUserData
0x082B	FUN_00d8404d	CMsgServerList
0x082C	FUN_011e1d93	CMsgExchangeShopGoods
0x082D	FUN_00fbd86e	CMsgInnerStrengthInfo
0x082E	FUN_011a1378	CMsgTeam
0x082F	FUN_0105c0cb	CMsgRouletteInvite
0x0830	FUN_00f32c0a	CMsgSealedTreasureList
0x0831	FUN_00e692b4	CMsgMelterRankList
0x0832	FUN_00f32b74	CMsgRankMemberShow
0x0833	FUN_00d833f3	CMsgAction
0x0834	FUN_00fbd2b5	CMsgCombatGearSkin
0x0836	FUN_011e2889	CMsgTurnoverLottery
0x0837	FUN_00f32dd4	CMsgTrainingVitalityScore
0x0838	FUN_00f32679	CMsgInteract
0x0839	FUN_00fbd3c3	CMsgExchangeInnerStrength
0x083B	FUN_00ea7853	CMsgStatistic
0x083C	FUN_00f31d6b	CMsgBatchEquip
0x083D	FUN_0105c013	CMsgRoulette1ArgAction
0x083F	FUN_00ef0c2c	CMsgTeamPKArenicScore
0x0840	FUN_011a12a6	CMsgSuperFlag
0x0841	FUN_00ef0a5c	CMsgProfLevUp
0x0842	FUN_010f4151	CMsgMailOperation
0x0844	FUN_00ea73d4	CMsgPackage
0x0845	FUN_010acb5a	CMsgAutoGroup
0x0846	FUN_0105c4d2	CMsgTradeBuddy
0x0847	FUN_00ddf920	CMsgPetInfo
0x0848	FUN_00ea6d7f	CMsgDutyMinContri
0x0849	FUN_00d83d20	CMsgMailList
0x084A	FUN_00ddffca	CMsgUserTotalRefineLev
0x084B	FUN_00ea6f98	CMsgGamblingTableInfo
0x084C	FUN_011e1cfd	CMsgExchangeShopBuy
0x084E	FUN_00fbdefb	CMsgTaskStatus
0x084F	FUN_011695f1	CMsgWeaponSkill
0x0850	FUN_00ddf56a	CMsgMagicEffectTime
0x0851	FUN_00ef0956	CMsgNsdsSortData
0x0852	FUN_00fbd449	CMsgFamilyOccupyInfo
0x0853	FUN_00e699a6	CMsgTraining
0x0854	FUN_011a1778	CMsgXuanBaoOpt
0x0855	FUN_00e69072	CMsgHangUp
0x0856	FUN_011a05a7	CMsgAura
0x0857	FUN_00ddfcbe	CMsgSealedTreasureRank
0x0858	FUN_00fbd34b	CMsgCrossSwitch
0x085A	FUN_010adb56	CMsgTeamArenaRank
0x085B	FUN_010acb96	CMsgCompeteRank
0x085C	FUN_011e222d	CMsgMailNotify
0x085D	FUN_00ef0bb4	CMsgSignIn
0x085E	FUN_011695b5	CMsgUserIPInfo
0x085F	FUN_01169579	CMsgTrainingInfo
0x0861	FUN_00ddf3ef	CMsgEnemyInvadeOpt
0x0864	FUN_011e26d8	CMsgTeamPKRankInfo
0x0865	FUN_00e68f74	CMsgElitePKArenic
0x0866	FUN_010f436a	CMsgPKEliteMatchInfo
0x0867	FUN_00e69805	CMsgStatisticActive
0x0868	FUN_00ddfd54	CMsgShowHandRaceInteractive
0x0869	FUN_00fbddfb	CMsgSubPro
0x086A	FUN_00ea7bc3	CMsgUserFreeze
0x086C	FUN_00ef0c68	CMsgTime
0x086D	FUN_00ea71c9	CMsgItemStatus
0x086E	FUN_0105c107	CMsgRouletteLatestProfitLossList
0x086F	FUN_0105be52	CMsgOwnKongfuBase
0x0870	FUN_01168d30	CMsgHundredWeaponsOpt
0x0871	FUN_011a0d64	CMsgMonsterLive
0x0872	FUN_00f7fdba	CMsgLeagueMemList
0x0873	FUN_010f448a	CMsgShootGameOpt
0x0874	FUN_00e2408d	CMsgDominateTeamPopPkName
0x0875	FUN_0101b4dd	CMsgOverheadLeagueInfo
0x0877	FUN_010adbce	CMsgTeamArenaYTop10List
0x0878	FUN_010ada66	CMsgTeamArenaFightingMemberInfo
0x0879	FUN_00fbddbf	CMsgShowHandKick
0x087B	FUN_00e24718	CMsgQualifyingRank
0x087C	FUN_00f804e2	CMsgShowHandTrusteeship
0x087D	FUN_00ea757e	CMsgQuiz
0x087E	FUN_00e696f7	CMsgRaceTrackProp
0x087F	FUN_011e24ae	CMsgRelation
0x0880	FUN_01169045	CMsgRaceTrackPropEffect
0x0881	FUN_0105c54a	CMsgVlmScoreInfo
0x0882	FUN_00d836b0	CMsgChangeName
0x0883	FUN_00e69aaa	CMsgWarFlag
0x0884	FUN_01168bc0	CMsgHWCompose
0x0885	FUN_00d83c3d	CMsgItemDialog
0x0886	FUN_010adc0a	CMsgTexasInteractive
0x0887	FUN_0105beaf	CMsgOwnKongfuImproveFeedback
0x0888	FUN_0105b8a3	CMsgDragonSkinRecord
0x0889	FUN_011e1eb1	CMsgFruitMachineBossDmgRank
0x088A	FUN_00fbdacc	CMsgNosuch
0x088B	FUN_010f4230	CMsgNewSlotRecord
0x088C	FUN_00e24754	CMsgQualifyingSeasonRankList
0x088D	FUN_00ea70d9	CMsgGameTrend
0x088E	FUN_00ef07f6	CMsgNewSlotCar
0x0890	FUN_00ea753c	CMsgPotHistory
0x0892	FUN_00d83728	CMsgEquipRefineRank
0x0894	FUN_010adcbe	CMsgTrainingVitalityProtectInfo
0x0895	FUN_00d8411f	CMsgSynEventList
0x0896	FUN_01169222	CMsgStatisticDaily
0x0897	FUN_0101b6fc	CMsgTeamPopPKMatchInfo
0x0898	FUN_00ea7d1a	CMsgWalk
0x0899	FUN_00fbd387	CMsgElitePKScore
0x089A	FUN_00fbdc67	CMsgRaceTrackStatus
0x089B	FUN_00e24ba1	CMsgVipFunctionValidNotify
0x089C	FUN_0101b923	CMsgVipUserHandle
0x089E	FUN_0101b207	CMsgItemRefineOpt
0x089F	FUN_00ddf10f	CMsgBatchSpEffectOpt
0x08A0	FUN_00e24230	CMsgLeagueRobOpt
0x08A1	FUN_00ddf258	CMsgDominoResult
0x08A2	FUN_00e23e6c	CMsgArenicScore
0x08A3	FUN_011a0877	CMsgFlower
0x08A4	FUN_00d837be	CMsgFruitMachine
0x08A5	FUN_00ea701c	CMsgGamblingTablePlayerList
0x08A6	FUN_00e2410b	CMsgFruitMachineGoResult
0x08A7	FUN_00fbd95e	CMsgLottery
0x08A8	FUN_01169407	CMsgTexasExMatchFieldList
0x08A9	FUN_00e24877	CMsgShowHandActivePlayer
0x08AA	FUN_010adb1a	CMsgTeamArenaInteractive
0x08AC	FUN_00ea6fda	CMsgGamblingTableOpt
0x08AD	FUN_0105c143	CMsgRouletteNpcInfo
0x08AE	FUN_00f31d2f	CMsg2ndPsw
0x08AF	FUN_0105c351	CMsgSponsorInfo
0x08B0	FUN_00f327e1	CMsgLeagueImperialCourtList
0x08B2	FUN_00f32a4f	CMsgNpc
0x08B3	FUN_00f323c7	CMsgData
0x08B4	FUN_00ddf47a	CMsgFMRoundRobin
0x08B5	FUN_00ddfe31	CMsgTeamMember
0x08B7	FUN_010acfa4	CMsgInstance
0x08B8	FUN_00f7fbc5	CMsgContribute
0x08B9	FUN_0105b6ae	CMsgCoatStorage
0x08BA	FUN_00e68cdc	CMsgBetLevel
0x08BB	FUN_0101b096	CMsgDragonSkin
0x08BC	FUN_0116899c	CMsgCombatGearOpt
0x08BD	FUN_01169003	CMsgPokerFriendList
0x08BE	FUN_00e24a00	CMsgTeamPopPKArenicScore
0x08BF	FUN_010adb92	CMsgTeamArenaScore
0x08C1	FUN_00ea6ef2	CMsgGamblingResult
0x08C2	FUN_0105b5ea	CMsgBenefitsConfig
0x08C3	FUN_01169374	CMsgTexasExInteractive
0x08C4	FUN_00f328b3	CMsgMultiFruitMachineLobby
0x08C5	FUN_0105c496	CMsgTeamPopPKRankInfo
0x08C6	FUN_00e248b3	CMsgSpiritInteractive
0x08C7	FUN_00ea6e18	CMsgGamblingNpc
0x08C8	FUN_0105c26f	CMsgRouletteWinningNumber
0x08C9	FUN_0105bf63	CMsgPlayerNpcInfo
0x08CA	FUN_011e1846	CMsgActivityTask
0x08CB	FUN_011a16f0	CMsgUserMonthCardAction
0x08CC	FUN_010ad5e2	CMsgNosuchAutoList
0x08CD	FUN_00d83f1b	CMsgNewSlotCarRank
0x08CE	FUN_00f7fc9a	CMsgFriend
0x08CF	FUN_00ea7b3d	CMsgTradeUserInfo
0x08D0	FUN_011691e6	CMsgShowHandGameResult
0x08D1	FUN_00f32ad5	CMsgPeerage
0x08D2	FUN_0101b12c	CMsgFactionMatch
0x08D3	FUN_01168b48	CMsgFamilyOccupy
0x08D4	FUN_00ea72b6	CMsgMaterials
0x08D5	FUN_010ad9d3	CMsgSyncAction
0x08D6	FUN_00ea7794	CMsgShowHandEnter
0x08D7	FUN_00ea7b01	CMsgTeamRoll
0x08D8	FUN_00f32d5c	CMsgTeamAward
0x08D9	FUN_0116929a	CMsgTaskRewardRank
0x08DA	FUN_00ea6dbb	CMsgFamily
0x08DB	FUN_00ef0bf0	CMsgSyndicateAttributeInfo
0x08DC	FUN_010adc82	CMsgTrainingVitalityProtect
0x08DD	FUN_00f3251c	CMsgEnemyInvadeArenic
0x08DE	FUN_0101b573	CMsgPlayerAttriInfo
0x08DF	FUN_00f325a7	CMsgFMMatch
0x08E0	FUN_00d83e85	CMsgName
0x08E1	FUN_011e18be	CMsgBattlePassTask
0x08E2	FUN_010acd2e	CMsgFlushExp
0x08E3	FUN_010adcfa	CMsgUserMonthCardInfo
0x08E4	FUN_0105c233	CMsgRouletteWatcherList
0x08E5	FUN_00e23e30	CMsgAllot
0x08E6	FUN_0101b663	CMsgSynMemberList
0x08E8	FUN_010adc46	CMsgTrainingVitalityExpiryNotify
0x08E9	FUN_00e68fb0	CMsgFamilyDmg
0x08EA	FUN_00ef0ce8	CMsgTreasureSync
0x08EB	FUN_0105b564	CMsgAthleteShop
0x08EC	FUN_00d83bb7	CMsgGouYuAptitude
0x08ED	FUN_00e246dc	CMsgQualifyingInteractive
0x08EE	FUN_00ddff8e	CMsgTransportor
0x08EF	FUN_0101b168	CMsgFruitMachineLobbyWinRank
0x08F0	FUN_011e2338	CMsgNationality
0x08F1	FUN_0105b975	CMsgFuse
0x08F2	FUN_00d841f1	CMsgTitle
0x08F3	FUN_0105bc80	CMsgMarketingAct
0x08F4	FUN_00e245a5	CMsgPlayer
0x08F5	FUN_01168b84	CMsgGemEmbed
0x08F6	FUN_01168d72	CMsgLoginNotice
0x08F7	FUN_00f7fc5e	CMsgEnemyList
0x08F8	FUN_010adade	CMsgTeamArenaHeroData
0x08F9	FUN_01169150	CMsgSceneChat
0x08FA	FUN_00e69913	CMsgTenTimesLotteryReward
0x08FB	FUN_011a1621	CMsgTrainingVitalityInfo
0x08FC	FUN_00ddf9f2	CMsgRedeemExp
0x08FD	FUN_011e1951	CMsgCOPPrizeBroadcast
0x08FF	FUN_00ea7464	CMsgPlayerResult
0x0900	FUN_00ddf29a	CMsgDominoTableAct
0x0901	FUN_0105bbfa	CMsgLeagueToken
0x0902	FUN_00ef02c5	CMsgEquipLock
0x0904	FUN_00e241aa	CMsgItemRefine
0x0907	FUN_011e24ea	CMsgShootGame
0x0908	FUN_00ea6d43	CMsgCrossFlagWarFlag
0x0909	FUN_00f7fe89	CMsgMultiFruitMachineLobbyStatus
0x090B	FUN_00ef055f	CMsgMailContent
0x090C	FUN_00e69787	CMsgSafeHeat
0x090D	FUN_011e27ee	CMsgTravelNotes
0x090E	FUN_00fbe1a4	CMsgWeather
0x0910	FUN_010f4643	CMsgSynFormInfo
0x0911	FUN_00f800ab	CMsgPigeon
0x0912	FUN_00ddf4b6	CMsgGodExp
0x0913	FUN_00ea7259	CMsgLeaveWord
0x0914	FUN_00ddf6da	CMsgMultiFruitMachineLobbyResult
0x0916	FUN_00f80015	CMsgNpcInfoEX
0x0917	FUN_011a10f7	CMsgRandomDailyTask
0x0918	FUN_00f802be	CMsgProcessGoalSchedule
0x0919	FUN_011e2472	CMsgPromotionInfo
0x091A	FUN_010f3ea6	CMsgDominateTeamName
0x091B	FUN_00f7fb83	CMsgBossHarmRanking
0x091E	FUN_00ef0153	CMsgCasinoInteractive
0x091F	FUN_010ad80b	CMsgRank
0x0920	FUN_00e694c1	CMsgPaint
0x0921	FUN_00e240c9	CMsgFactionList
0x0922	FUN_00ea792d	CMsgSynPrestige
0x0923	FUN_00e249be	CMsgTaskDetailInfo
0x0924	FUN_00e23f82	CMsgCOPToyInfo
0x0925	FUN_00e2430a	CMsgMapInfo
0x0927	FUN_011e28cb	CMsgVerifyCheck
0x092A	FUN_00fbd99a	CMsgMeteSpecial
0x092B	FUN_0101b29a	CMsgLeagueSynList
0x092C	FUN_0105c1bb	CMsgRoulettePlayerBet
0x092D	FUN_00ea6c15	CMsgCollectionStorage
0x092E	FUN_011e1fdd	CMsgItemInfo
0x092F	FUN_00f8051e	CMsgSyndicateApplyListSyn
0x0930	FUN_00fbd922	CMsgLeagueAllegianceList
0x0931	FUN_011e1c22	CMsgCheatingProgram
0x0932	FUN_011e2436	CMsgPKEliteAction
0x0934	FUN_0105c04f	CMsgRouletteAction
0x0935	FUN_0105bb64	CMsgItemRefineRecord
0x0936	FUN_00d83fd5	CMsgPromotionAct
0x0937	FUN_010ad927	CMsgShowHandLostInfo
0x0939	FUN_011e2642	CMsgTalk
0x093A	FUN_00f7faed	CMsgBattleEffectiveness
0x093B	FUN_00fbd8e6	CMsgInnerStrengthTotalInfo
0x093C	FUN_011a118a	CMsgSdkLoginSign
0x093D	FUN_00ddf4f2	CMsgInvadeWarning
0x093E	FUN_0105c50e	CMsgUserCityInfo
0x093F	FUN_00e24a3c	CMsgUserAbilityScore
0x0940	FUN_00ea6b3b	CMsgChipsExpression
0x0941	FUN_010ad280	CMsgMagicColdTime
0x0942	FUN_00e24982	CMsgTQP
0x0943	FUN_010ad8a1	CMsgSealedTreasure
0x0944	FUN_0105c418	CMsgSynpOffer
0x0945	FUN_00e2442b	CMsgNewSlotResult
0x0946	FUN_010f46d9	CMsgTaskAccumulate
0x0948	FUN_00f805b4	CMsgTeamPKArenic
0x0949	FUN_00fbe0e2	CMsgTrainingVitality
0x094A	FUN_00f803d4	CMsgProcessGoalTaskOpt
0x094B	FUN_00e23ea8	CMsgBattlePassUser
0x094D	FUN_00f80398	CMsgProcessGoalTask
0x094E	FUN_00d83495	CMsgBattlePassRank
0x094F	FUN_00e2451f	CMsgOsShop
0x0950	FUN_011a0c59	CMsgLeagueApplyList
0x0951	FUN_00f801e2	CMsgProcessGoalQuery
0x0952	FUN_010ad678	CMsgPCServerConfig
0x0953	FUN_00ef0b78	CMsgServerInfo
0x0956	FUN_00ef0af2	CMsgRefineEffect
0x0957	FUN_00f325e3	CMsgGlobalLotteryRankList
0x0958	FUN_0101ada2	CMsgArenicWitness
0x0959	FUN_010f4751	CMsgTokenUpdate
0x095B	FUN_00fbcfec	CMsgBigLottery
0x095C	FUN_00d836ec	CMsgDetainItemUpdate
0x095D	FUN_00ef0523	CMsgLeaguePalaceGuardsList
0x095E	FUN_01168cee	CMsgHundredWeaponsInfo
0x095F	FUN_01168729	CMsgAuctionItem
0x0961	FUN_00f32ce4	CMsgShowHandOnlineStatus
0x0962	FUN_00e6915a	CMsgLogin
0x0963	FUN_00ddf89a	CMsgNpcInfo
0x0964	FUN_011a079d	CMsgEmoticons
0x0965	FUN_00ddf216	CMsgDominoLostInfo
0x0966	FUN_010f3faa	CMsgGouYuOpt
0x0967	FUN_011e2374	CMsgNewSlotOpt
0x0968	FUN_010f4874	CMsgVigor
0x096A	FUN_00e68f38	CMsgCrossFlagWarMerit
0x096B	FUN_01168dae	CMsgMentorPlayer
0x096C	FUN_010f432e	CMsgOSEnter
0x096D	FUN_00ddf95c	CMsgPrirateDictLottery
0x096E	FUN_0105c2ab	CMsgShowHandDealtCard
0x096F	FUN_00ef059b	CMsgMyNosuchQuery
0x0970	FUN_00d8422d	CMsgVassalWarOpt
0x0971	FUN_010f4520	CMsgSolidify
0x0973	FUN_00e68d62	CMsgCombatGear
0x0974	FUN_011a0d28	CMsgMagicCoat
0x0975	FUN_00d83f5d	CMsgOperatingAct
0x0976	FUN_00f3281d	CMsgMagicEffect
0x0977	FUN_00fbdc30	CMsgPresent
0x0978	FUN_00e697c9	CMsgShowHandExit
0x097B	FUN_00ef044b	CMsgItem
0x097C	FUN_0105beeb	CMsgOwnKongfuImproveSummaryInfo
0x097E	FUN_011a0c22	CMsgInnerWebPage
0x097F	FUN_00ef03c5	CMsgGoldLeaguePoint
0x0980	FUN_010f42b6	CMsgOSAction
0x0982	FUN_010f4715	CMsgTeamPopPKArenic
0x0983	FUN_00eefffe	CMsgAchievement
0x0984	FUN_00d841b5	CMsgTeamPKMatchInfo
0x0985	FUN_010f3f68	CMsgFruitMachineGo
0x0987	FUN_010ad1a6	CMsgLeagueBeRob
0x0988	FUN_0101b2d6	CMsgMapItem
0x0989	FUN_00fbcfb0	CMsgAuctionQuery
0x098A	FUN_00fbdd29	CMsgScreenChatSkinSync
0x098B	FUN_00f32b32	CMsgPrincesWarBuilding
0x098C	FUN_00ef0301	CMsgFrontierFamilyWar
0x098D	FUN_00f804a6	CMsgSelfSynMemAwardRank
0x098E	FUN_010f418d	CMsgNetSafeInteract
0x098F	FUN_011e2079	CMsgLeagueOrderStatus
0x0990	FUN_011e1f47	CMsgGouYuInfo
0x0991	FUN_00ef0914	CMsgNsdsHisData
0x0992	FUN_011a12e2	CMsgSynSkill
0x0993	FUN_011e2197	CMsgLeagueRobList
0x0994	FUN_01168a32	CMsgCrossFlagWarRank
0x0995	FUN_00ea75db	CMsgRuneStorage
0x0996	FUN_0101ae64	CMsgBeastsOpt
0x0997	FUN_01168b0c	CMsgElitePKGameRankInfo
0x0998	FUN_011e2758	CMsgTitleStorage
0x0999	FUN_00f7fc22	CMsgDeadMark
0x099A	FUN_00f32d98	CMsgTexasNpcInfo
0x099C	FUN_010adaa2	CMsgTeamArenaFightingTeamList
0x099D	FUN_00d83cc3	CMsgLeagueOpt
0x099F	FUN_0105bd81	CMsgNewTexasAct
0x09A2	FUN_00e693f2	CMsgNewTexasTableChip
0x09A3	FUN_00fbdf37	CMsgTexasGameRecord
0x09A4	FUN_0101b388	CMsgNewShowHandActivePlayer
0x09A5	FUN_0105bd06	CMsgNewShowHandCallAction
0x09A6	FUN_00e6934a	CMsgNewShowHandDealtCard
0x09A7	FUN_01168eb9	CMsgNewShowHandEnter
0x09A8	FUN_00fbd9d6	CMsgNewShowHandExit
0x09A9	FUN_010ad46b	CMsgNewShowHandGameResult
0x09AA	FUN_00f329c4	CMsgNewShowHandLayCard
0x09AB	FUN_00ddf7d7	CMsgNewShowHandLostInfo
0x09AC	FUN_00f7ff9a	CMsgNewShowHandOnlineStatus
0x09AD	FUN_00ea734c	CMsgNewShowHandData
0x09AE	FUN_011a0ed0	CMsgNewShowHandFinishShowResult
0x09AF	FUN_00fbdb6c	CMsgPCCOPInteract
0x09B0	FUN_011a0ff1	CMsgPCCOPTableList
0x09B1	FUN_01168f34	CMsgPCCOPCollectList
0x09B4	FUN_011a1552	CMsgTexasGlobalRankYesterday
0x09C4	FUN_011a13b4	CMsgTexasGlobalRankActive
0x09C5	FUN_011a142f	CMsgTexasGlobalRankActiveHis
0x09C8	FUN_0105b7d4	CMsgDominoTableChip
0x09C9	FUN_011a062d	CMsgCombatHeart
0x09CA	FUN_01168847	CMsgBigEmotion
0x09CB	FUN_00f7fcd6	CMsgGodWeapons
0x09CC	FUN_00fbd518	CMsgGlobalActiveRoulette
0x09CD	FUN_00fbd5d7	CMsgGlobalActiveRouletteHis
0x09CE	FUN_00fbd837	CMsgGlobalRouletteRankYesterday
0x09CF	FUN_00fbd800	CMsgGlobalRouletteRankChange
0x09D0	FUN_00f806eb	CMsgVassalReflect
0x09D1	FUN_0101af80	CMsgCoatOpt
0x09D2	FUN_0105c454	CMsgTaskDialogNew
0x09DE	FUN_00fbda51	CMsgNewShowHandTrusteeship
0x09DF	FUN_00ddf7a0	CMsgNTexasMTTRunConfig
0x09E0	FUN_011a0df7	CMsgNTexasMTTAct
0x09E1	FUN_010ad39c	CMsgNTexasMTTList
0x09E2	FUN_00f328f5	CMsgNTexasMTTRank
0x09E3	FUN_00f7fecb	CMsgNTexasMTTTableInfo
0x09E4	FUN_00e69a68	CMsgVipConsumption
0x09E5	FUN_011e2269	CMsgNTexasMTTNotify
0x09E6	FUN_00ef0761	CMsgNTexasSNGAct
0x09E7	FUN_00d83db6	CMsgNTexasSNGTableInfo
0x09E8	FUN_011688cd	CMsgCOPTableTask
0x09E9	FUN_01168dea	CMsgNTexasMTTRunRaceSort
0x09EA	FUN_00e24ad2	CMsgUserLastRaceSignUp
0x09EB	FUN_0101b854	CMsgUserSignUpRaceHistory
0x09ED	FUN_00ea6aa0	CMsgCampWar
0x09EE	FUN_0105c38d	CMsgSwordAncestor
0x09EF	FUN_00fbd10a	CMsgCampTeamArenic
0x09F0	FUN_00ddf644	CMsgMedalStorage
0x09F1	FUN_00f32164	CMsgCampWarEvent
0x09F2	FUN_00ef09d4	CMsgProcessGoalTaskNumReward
0x09F9	FUN_011a0a90	CMsgGlobalPointRank
0x09FA	FUN_00ef022f	CMsgDominoPointTableResult
0x09FB	FUN_00e24c82	CMsgYuanshen
0x09FF	FUN_00ea7661	CMsgServerLottery
0x0A00	FUN_00f32293	CMsgCrossSynWar
0x0A01	FUN_010f4943	CMsgYuanShenArenic
0x0A02	FUN_010acfe6	CMsgInstanceDownCountEncrypt
0x0A03	FUN_00ea7c3e	CMsgUserMsgBoard
0x0A04	FUN_011687bf	CMsgAuctionTimeOutList
0x0A0A	FUN_011a08b3	CMsgFriendRoom
0x0A0B	FUN_010f3e64	CMsgCopTrade
0x0A0C	FUN_0101aefa	CMsgCOPTradeUserInfo
0x0A29	FUN_00fbde37	CMsgSurvivorAction
0x0A2A	FUN_00ddfacc	CMsgRedeemMoney
0x0A2B	FUN_00d842c8	CMsgYearFruit
0x0A2C	FUN_00ddfb9b	CMsgRune
0x0A33	FUN_011a16ae	CMsgUserCopVip
0x0A34	FUN_00ddfe6d	CMsgTeamRecruit
0x0A35	FUN_010acf6d	CMsgGuardCorps
0x0A36	FUN_00ef04e7	CMsgItemPing
0x0A37	FUN_010f45bd	CMsgSpritEncrypt
0x0A38	FUN_01169081	CMsgRichMine
0x0A39	FUN_00f32e10	CMsgUserFuncData