0x07D1	CMsgGuideInfo
0x07D3	CMsgNewShopGoods
0x07D4	CMsgOperatingActInfo
0x07D5	CMsgGlobalLottery
0x07D6	CMsgHandBrickInfo
0x07D7	CMsgInstanceInfo
0x07D8	CMsgUserInfo
0x07D9	CMsgActivityTaskReward
0x07DA	CMsgGuide
0x07DB	CMsgRouletteTable
0x07DC	CMsgAuctionDirList
0x07DD	CMsgSynCompete
0x07DE	CMsgFactionMatchWitness
0x07DF	CMsgTaskDialog
0x07E1	CMsgCrossFlagWarAltar
0x07E3	CMsgSynRecruitAdvertising
0x07E4	CMsgTick
0x07E5	CMsgSlotAction
0x07E6	CMsgInnerStrengthOpt
0x07E7	CMsgProcessComplete
0x07E8	CMsgUserMelter
0x07E9	CMsgUserSendShow
0x07EA	CMsgCOPLeaveWord
0x07EB	CMsgExchangeShop
0x07EC	CMsgAuction
0x07ED	CMsgTrade
0x07EF	CMsgRoulettePlayer
0x07F0	CMsgDataArray
0x07F1	CMsgQualifyingDetailInfo
0x07F2	CMsgRemotePrize
0x07F4	CMsgPing
0x07F5	CMsgMelterOpt
0x07F6	CMsgSyndicate
0x07F7	CMsgOwnKongRank
0x07F8	CMsgShowHandCallAction
0x07FB	CMsgBattlePassTaskList
0x07FC	CMsgTaskReward
0x07FD	CMsgSlotResult
0x07FE	CMsgUserAttrib
0x07FF	CMsgPokerFriendInvite
0x0800	CMsgSynRecruitAdvertisingList
0x0801	CMsgPokerFriendAction
0x0802	CMsgPresentList
0x0803	CMsgOSConnectInfo
0x0807	CMsgNosuchAutoHisList
0x0808	CMsgRedEnvelops
0x0809	CMsgMagicInfo
0x080A	CMsgSynForm
0x080C	CMsgPigeonQuery
0x080D	CMsgNewSynWar
0x080E	CMsgItemInfoEx
0x080F	CMsgDetainItemInfo
0x0810	CMsgBattlePass
0x0811	CMsgScreenChatSkinOpt
0x0812	CMsgVassalWarList
0x0813	CMsgSynMemberInfo
0x0814	CMsgMonsterTransform
0x0815	CMsgCardsLotteryRankList
0x0817	CMsgDaoQi
0x0818	CMsgInviteTrans
0x0819	CMsgDisconnect
0x081B	CMsgCrossFlagWar
0x081C	CMsgLeagueRank
0x081D	CMsgHairFaceStorage
0x081E	CMsgBeastsInfo
0x081F	CMsgRelationInfo
0x0820	CMsgShowHandLayCard
0x0821	CMsgQualifyingFightersList
0x0822	CMsgTexasPersonalInfo
0x0823	CMsgLeagueInfo
0x0824	CMsgItemVendue
0x0825	CMsgTreasureOpt
0x0829	CMsgExpPool
0x082A	CMsgPresentUserData
0x082B	CMsgServerList
0x082C	CMsgExchangeShopGoods
0x082D	CMsgInnerStrengthInfo
0x082E	CMsgTeam
0x082F	CMsgRouletteInvite
0x0830	CMsgSealedTreasureList
0x0831	CMsgMelterRankList
0x0832	CMsgRankMemberShow
0x0833	CMsgAction
0x0834	CMsgCombatGearSkin
0x0836	CMsgTurnoverLottery
0x0837	CMsgTrainingVitalityScore
0x0838	CMsgInteract
0x0839	CMsgExchangeInnerStrength
0x083B	CMsgStatistic
0x083C	CMsgBatchEquip
0x083D	CMsgRoulette1ArgAction
0x083F	CMsgTeamPKArenicScore
0x0840	CMsgSuperFlag
0x0841	CMsgProfLevUp
0x0842	CMsgMailOperation
0x0844	CMsgPackage
0x0845	CMsgAutoGroup
0x0846	CMsgTradeBuddy
0x0847	CMsgPetInfo
0x0848	CMsgDutyMinContri
0x0849	CMsgMailList
0x084A	CMsgUserTotalRefineLev
0x084B	CMsgGamblingTableInfo
0x084C	CMsgExchangeShopBuy
0x084E	CMsgTaskStatus
0x084F	CMsgWeaponSkill
0x0850	CMsgMagicEffectTime
0x0851	CMsgNsdsSortData
0x0852	CMsgFamilyOccupyInfo
0x0853	CMsgTraining
0x0854	CMsgXuanBaoOpt
0x0855	CMsgHangUp
0x0856	CMsgAura
0x0857	CMsgSealedTreasureRank
0x0858	CMsgCrossSwitch
0x085A	CMsgTeamArenaRank
0x085B	CMsgCompeteRank
0x085C	CMsgMailNotify
0x085D	CMsgSignIn
0x085E	CMsgUserIPInfo
0x085F	CMsgTrainingInfo
0x0861	CMsgEnemyInvadeOpt
0x0864	CMsgTeamPKRankInfo
0x0865	CMsgElitePKArenic
0x0866	CMsgPKEliteMatchInfo
0x0867	CMsgStatisticActive
0x0868	CMsgShowHandRaceInteractive
0x0869	CMsgSubPro
0x086A	CMsgUserFreeze
0x086C	CMsgTime
0x086D	CMsgItemStatus
0x086E	CMsgRouletteLatestProfitLossList
0x086F	CMsgOwnKongfuBase
0x0870	CMsgHundredWeaponsOpt
0x0871	CMsgMonsterLive
0x0872	CMsgLeagueMemList
0x0873	CMsgShootGameOpt
0x0874	CMsgDominateTeamPopPkName
0x0875	CMsgOverheadLeagueInfo
0x0877	CMsgTeamArenaYTop10List
0x0878	CMsgTeamArenaFightingMemberInfo
0x0879	CMsgShowHandKick
0x087B	CMsgQualifyingRank
0x087C	CMsgShowHandTrusteeship
0x087D	CMsgQuiz
0x087E	CMsgRaceTrackProp
0x087F	CMsgRelation
0x0880	CMsgRaceTrackPropEffect
0x0881	CMsgVlmScoreInfo
0x0882	CMsgChangeName
0x0883	CMsgWarFlag
0x0884	CMsgHWCompose
0x0885	CMsgItemDialog
0x0886	CMsgTexasInteractive
0x0887	CMsgOwnKongfuImproveFeedback
0x0888	CMsgDragonSkinRecord
0x0889	CMsgFruitMachineBossDmgRank
0x088A	CMsgNosuch
0x088B	CMsgNewSlotRecord
0x088C	CMsgQualifyingSeasonRankList
0x088D	CMsgGameTrend
0x088E	CMsgNewSlotCar
0x0890	CMsgPotHistory
0x0892	CMsgEquipRefineRank
0x0894	CMsgTrainingVitalityProtectInfo
0x0895	CMsgSynEventList
0x0896	CMsgStatisticDaily
0x0897	CMsgTeamPopPKMatchInfo
0x0898	CMsgWalk
0x0899	CMsgElitePKScore
0x089A	CMsgRaceTrackStatus
0x089B	CMsgVipFunctionValidNotify
0x089C	CMsgVipUserHandle
0x089E	CMsgItemRefineOpt
0x089F	CMsgBatchSpEffectOpt
0x08A0	CMsgLeagueRobOpt
0x08A1	CMsgDominoResult
0x08A2	CMsgArenicScore
0x08A3	CMsgFlower
0x08A4	CMsgFruitMachine
0x08A5	CMsgGamblingTablePlayerList
0x08A6	CMsgFruitMachineGoResult
0x08A7	CMsgLottery
0x08A8	CMsgTexasExMatchFieldList
0x08A9	CMsgShowHandActivePlayer
0x08AA	CMsgTeamArenaInteractive
0x08AC	CMsgGamblingTableOpt
0x08AD	CMsgRouletteNpcInfo
0x08AE	CMsg2ndPsw
0x08AF	CMsgSponsorInfo
0x08B0	CMsgLeagueImperialCourtList
0x08B2	CMsgNpc
0x08B3	CMsgData
0x08B4	CMsgFMRoundRobin
0x08B5	CMsgTeamMember
0x08B7	CMsgInstance
0x08B8	CMsgContribute
0x08B9	CMsgCoatStorage
0x08BA	CMsgBetLevel
0x08BB	CMsgDragonSkin
0x08BC	CMsgCombatGearOpt
0x08BD	CMsgPokerFriendList
0x08BE	CMsgTeamPopPKArenicScore
0x08BF	CMsgTeamArenaScore
0x08C1	CMsgGamblingResult
0x08C2	CMsgBenefitsConfig
0x08C3	CMsgTexasExInteractive
0x08C4	CMsgMultiFruitMachineLobby
0x08C5	CMsgTeamPopPKRankInfo
0x08C6	CMsgSpiritInteractive
0x08C7	CMsgGamblingNpc
0x08C8	CMsgRouletteWinningNumber
0x08C9	CMsgPlayerNpcInfo
0x08CA	CMsgActivityTask
0x08CB	CMsgUserMonthCardAction
0x08CC	CMsgNosuchAutoList
0x08CD	CMsgNewSlotCarRank
0x08CE	CMsgFriend
0x08CF	CMsgTradeUserInfo
0x08D0	CMsgShowHandGameResult
0x08D1	CMsgPeerage
0x08D2	CMsgFactionMatch
0x08D3	CMsgFamilyOccupy
0x08D4	CMsgMaterials
0x08D5	CMsgSyncAction
0x08D6	CMsgShowHandEnter
0x08D7	CMsgTeamRoll
0x08D8	CMsgTeamAward
0x08D9	CMsgTaskRewardRank
0x08DA	CMsgFamily
0x08DB	CMsgSyndicateAttributeInfo
0x08DC	CMsgTrainingVitalityProtect
0x08DD	CMsgEnemyInvadeArenic
0x08DE	CMsgPlayerAttriInfo
0x08DF	CMsgFMMatch
0x08E0	CMsgName
0x08E1	CMsgBattlePassTask
0x08E2	CMsgFlushExp
0x08E3	CMsgUserMonthCardInfo
0x08E4	CMsgRouletteWatcherList
0x08E5	CMsgAllot
0x08E6	CMsgSynMemberList
0x08E8	CMsgTrainingVitalityExpiryNotify
0x08E9	CMsgFamilyDmg
0x08EA	CMsgTreasureSync
0x08EB	CMsgAthleteShop
0x08EC	CMsgGouYuAptitude
0x08ED	CMsgQualifyingInteractive
0x08EE	CMsgTransportor
0x08EF	CMsgFruitMachineLobbyWinRank
0x08F0	CMsgNationality
0x08F1	CMsgFuse
0x08F2	CMsgTitle
0x08F3	CMsgMarketingAct
0x08F4	CMsgPlayer
0x08F5	CMsgGemEmbed
0x08F6	CMsgLoginNotice
0x08F7	CMsgEnemyList
0x08F8	CMsgTeamArenaHeroData
0x08F9	CMsgSceneChat
0x08FA	CMsgTenTimesLotteryReward
0x08FB	CMsgTrainingVitalityInfo
0x08FC	CMsgRedeemExp
0x08FD	CMsgCOPPrizeBroadcast
0x08FF	CMsgPlayerResult
0x0900	CMsgDominoTableAct
0x0901	CMsgLeagueToken
0x0902	CMsgEquipLock
0x0904	CMsgItemRefine
0x0907	CMsgShootGame
0x0908	CMsgCrossFlagWarFlag
0x0909	CMsgMultiFruitMachineLobbyStatus
0x090B	CMsgMailContent
0x090C	CMsgSafeHeat
0x090D	CMsgTravelNotes
0x090E	CMsgWeather
0x0910	CMsgSynFormInfo
0x0911	CMsgPigeon
0x0912	CMsgGodExp
0x0913	CMsgLeaveWord
0x0914	CMsgMultiFruitMachineLobbyResult
0x0916	CMsgNpcInfoEX
0x0917	CMsgRandomDailyTask
0x0918	CMsgProcessGoalSchedule
0x0919	CMsgPromotionInfo
0x091A	CMsgDominateTeamName
0x091B	CMsgBossHarmRanking
0x091E	CMsgCasinoInteractive
0x091F	CMsgRank
0x0920	CMsgPaint
0x0921	CMsgFactionList
0x0922	CMsgSynPrestige
0x0923	CMsgTaskDetailInfo
0x0924	CMsgCOPToyInfo
0x0925	CMsgMapInfo
0x0927	CMsgVerifyCheck
0x092A	CMsgMeteSpecial
0x092B	CMsgLeagueSynList
0x092C	CMsgRoulettePlayerBet
0x092D	CMsgCollectionStorage
0x092E	CMsgItemInfo
0x092F	CMsgSyndicateApplyListSyn
0x0930	CMsgLeagueAllegianceList
0x0931	CMsgCheatingProgram
0x0932	CMsgPKEliteAction
0x0934	CMsgRouletteAction
0x0935	CMsgItemRefineRecord
0x0936	CMsgPromotionAct
0x0937	CMsgShowHandLostInfo
0x0939	CMsgTalk
0x093A	CMsgBattleEffectiveness
0x093B	CMsgInnerStrengthTotalInfo
0x093C	CMsgSdkLoginSign
0x093D	CMsgInvadeWarning
0x093E	CMsgUserCityInfo
0x093F	CMsgUserAbilityScore
0x0940	CMsgChipsExpression
0x0941	CMsgMagicColdTime
0x0942	CMsgTQP
0x0943	CMsgSealedTreasure
0x0944	CMsgSynpOffer
0x0945	CMsgNewSlotResult
0x0946	CMsgTaskAccumulate
0x0948	CMsgTeamPKArenic
0x0949	CMsgTrainingVitality
0x094A	CMsgProcessGoalTaskOpt
0x094B	CMsgBattlePassUser
0x094D	CMsgProcessGoalTask
0x094E	CMsgBattlePassRank
0x094F	CMsgOsShop
0x0950	CMsgLeagueApplyList
0x0951	CMsgProcessGoalQuery
0x0952	CMsgPCServerConfig
0x0953	CMsgServerInfo
0x0956	CMsgRefineEffect
0x0957	CMsgGlobalLotteryRankList
0x0958	CMsgArenicWitness
0x0959	CMsgTokenUpdate
0x095B	CMsgBigLottery
0x095C	CMsgDetainItemUpdate
0x095D	CMsgLeaguePalaceGuardsList
0x095E	CMsgHundredWeaponsInfo
0x095F	CMsgAuctionItem
0x0961	CMsgShowHandOnlineStatus
0x0962	CMsgLogin
0x0963	CMsgNpcInfo
0x0964	CMsgEmoticons
0x0965	CMsgDominoLostInfo
0x0966	CMsgGouYuOpt
0x0967	CMsgNewSlotOpt
0x0968	CMsgVigor
0x096A	CMsgCrossFlagWarMerit
0x096B	CMsgMentorPlayer
0x096C	CMsgOSEnter
0x096D	CMsgPrirateDictLottery
0x096E	CMsgShowHandDealtCard
0x096F	CMsgMyNosuchQuery
0x0970	CMsgVassalWarOpt
0x0971	CMsgSolidify
0x0973	CMsgCombatGear
0x0974	CMsgMagicCoat
0x0975	CMsgOperatingAct
0x0976	CMsgMagicEffect
0x0977	CMsgPresent
0x0978	CMsgShowHandExit
0x097B	CMsgItem
0x097C	CMsgOwnKongfuImproveSummaryInfo
0x097E	CMsgInnerWebPage
0x097F	CMsgGoldLeaguePoint
0x0980	CMsgOSAction
0x0982	CMsgTeamPopPKArenic
0x0983	CMsgAchievement
0x0984	CMsgTeamPKMatchInfo
0x0985	CMsgFruitMachineGo
0x0987	CMsgLeagueBeRob
0x0988	CMsgMapItem
0x0989	CMsgAuctionQuery
0x098A	CMsgScreenChatSkinSync
0x098B	CMsgPrincesWarBuilding
0x098C	CMsgFrontierFamilyWar
0x098D	CMsgSelfSynMemAwardRank
0x098E	CMsgNetSafeInteract
0x098F	CMsgLeagueOrderStatus
0x0990	CMsgGouYuInfo
0x0991	CMsgNsdsHisData
0x0992	CMsgSynSkill
0x0993	CMsgLeagueRobList
0x0994	CMsgCrossFlagWarRank
0x0995	CMsgRuneStorage
0x0996	CMsgBeastsOpt
0x0997	CMsgElitePKGameRankInfo
0x0998	CMsgTitleStorage
0x0999	CMsgDeadMark
0x099A	CMsgTexasNpcInfo
0x099C	CMsgTeamArenaFightingTeamList
0x099D	CMsgLeagueOpt
0x099F	CMsgNewTexasAct
0x09A2	CMsgNewTexasTableChip
0x09A3	CMsgTexasGameRecord
0x09A4	CMsgNewShowHandActivePlayer
0x09A5	CMsgNewShowHandCallAction
0x09A6	CMsgNewShowHandDealtCard
0x09A7	CMsgNewShowHandEnter
0x09A8	CMsgNewShowHandExit
0x09A9	CMsgNewShowHandGameResult
0x09AA	CMsgNewShowHandLayCard
0x09AB	CMsgNewShowHandLostInfo
0x09AC	CMsgNewShowHandOnlineStatus
0x09AD	CMsgNewShowHandData
0x09AE	CMsgNewShowHandFinishShowResult
0x09AF	CMsgPCCOPInteract
0x09B0	CMsgPCCOPTableList
0x09B1	CMsgPCCOPCollectList
0x09B4	CMsgTexasGlobalRankYesterday
0x09C4	CMsgTexasGlobalRankActive
0x09C5	CMsgTexasGlobalRankActiveHis
0x09C8	CMsgDominoTableChip
0x09C9	CMsgCombatHeart
0x09CA	CMsgBigEmotion
0x09CB	CMsgGodWeapons
0x09CC	CMsgGlobalActiveRoulette
0x09CD	CMsgGlobalActiveRouletteHis
0x09CE	CMsgGlobalRouletteRankYesterday
0x09CF	CMsgGlobalRouletteRankChange
0x09D0	CMsgVassalReflect
0x09D1	CMsgCoatOpt
0x09D2	CMsgTaskDialogNew
0x09DE	CMsgNewShowHandTrusteeship
0x09DF	CMsgNTexasMTTRunConfig
0x09E0	CMsgNTexasMTTAct
0x09E1	CMsgNTexasMTTList
0x09E2	CMsgNTexasMTTRank
0x09E3	CMsgNTexasMTTTableInfo
0x09E4	CMsgVipConsumption
0x09E5	CMsgNTexasMTTNotify
0x09E6	CMsgNTexasSNGAct
0x09E7	CMsgNTexasSNGTableInfo
0x09E8	CMsgCOPTableTask
0x09E9	CMsgNTexasMTTRunRaceSort
0x09EA	CMsgUserLastRaceSignUp
0x09EB	CMsgUserSignUpRaceHistory
0x09ED	CMsgCampWar
0x09EE	CMsgSwordAncestor
0x09EF	CMsgCampTeamArenic
0x09F0	CMsgMedalStorage
0x09F1	CMsgCampWarEvent
0x09F2	CMsgProcessGoalTaskNumReward
0x09F9	CMsgGlobalPointRank
0x09FA	CMsgDominoPointTableResult
0x09FB	CMsgYuanshen
0x09FF	CMsgServerLottery
0x0A00	CMsgCrossSynWar
0x0A01	CMsgYuanShenArenic
0x0A02	CMsgInstanceDownCountEncrypt
0x0A03	CMsgUserMsgBoard
0x0A04	CMsgAuctionTimeOutList
0x0A0A	CMsgFriendRoom
0x0A0B	CMsgCopTrade
0x0A0C	CMsgCOPTradeUserInfo
0x0A29	CMsgSurvivorAction
0x0A2A	CMsgRedeemMoney
0x0A2B	CMsgYearFruit
0x0A2C	CMsgRune
0x0A33	CMsgUserCopVip
0x0A34	CMsgTeamRecruit
0x0A35	CMsgGuardCorps
0x0A36	CMsgItemPing
0x0A37	CMsgSpritEncrypt
0x0A38	CMsgRichMine
0x0A39	CMsgUserFuncData
